<?xml version="1.0" encoding="UTF-8" standalone="no"?><xmap-revision-content xmlns="urn:xmind:xmap:xmlns:revision:1.0" xmlns:fo="http://www.w3.org/1999/XSL/Format" xmlns:svg="http://www.w3.org/2000/svg" xmlns:xhtml="http://www.w3.org/1999/xhtml" xmlns:xlink="http://www.w3.org/1999/xlink"><sheet id="433glqd98pcsq463rh27be3rdn" modified-by="GBA" theme="2n6vb38tcbc2283jfjtpfild52" timestamp="1531037212632" xmlns="urn:xmind:xmap:xmlns:content:2.0"><topic id="3fltndoo1cftpqdd4hkslbt4h8" modified-by="GBA" structure-class="org.xmind.ui.tree.right" timestamp="1531019123302"><title>资料库</title></topic><title>main</title></sheet></xmap-revision-content>