<?xml version="1.0" encoding="utf-8" standalone="no"?><xmap-content xmlns="urn:xmind:xmap:xmlns:content:2.0" xmlns:fo="http://www.w3.org/1999/XSL/Format" xmlns:svg="http://www.w3.org/2000/svg" xmlns:xhtml="http://www.w3.org/1999/xhtml" xmlns:xlink="http://www.w3.org/1999/xlink" modified-by="GBA" timestamp="1531039100912" version="2.0"><sheet id="5qi0jtfbul5v4s56e53je8c32m" modified-by="GBA" theme="2l6um7dqur5b2e976egc1qmfdr" timestamp="1531037287139"><topic id="1g731nm62kohhd0tnt5e242mcm" modified-by="GBA" structure-class="org.xmind.ui.tree.right" timestamp="1531037258574"><title>中心主题</title><extensions><extension provider="org.xmind.ui.map.unbalanced"><content><right-number>-1</right-number></content></extension></extensions><children><topics type="attached"><topic id="4qs178ogm7gobi0tsbr176brr3" modified-by="GBA" style-id="0n5nqvfpgenbpoq4304pjj4mku" timestamp="1531037278392"><title>文件夹</title></topic><topic id="6nc5skh8kbpov3dlsqlc12qd8e" modified-by="GBA" style-id="4847ntml8ncjh5980d9fptkc14" timestamp="1531037287139"><title>文件</title></topic></topics></children></topic><title>style</title></sheet></xmap-content>