<?xml version="1.0" encoding="UTF-8" standalone="no"?><xmap-styles xmlns="urn:xmind:xmap:xmlns:style:2.0" xmlns:fo="http://www.w3.org/1999/XSL/Format" xmlns:svg="http://www.w3.org/2000/svg" version="2.0"><automatic-styles><style id="3lk57tl737uc48flire4014dt1" name="" type="topic"><topic-properties border-line-color="#558ED5" border-line-width="3pt" fo:font-family="Microsoft YaHei" line-class="org.xmind.branchConnection.curve" line-color="#558ED5" line-width="1pt"/></style><style id="3v0fs0g49dj57gl7kl5un2gh6j" name="" type="summary"><summary-properties line-color="#C3D69B" line-width="5pt" shape-class="org.xmind.summaryShape.square"/></style><style id="49pcbvc288c3oicrhro7dgfjf1" name="" type="boundary"><boundary-properties fo:color="#FFFFFF" fo:font-family="Microsoft YaHei" fo:font-size="10pt" fo:font-style="italic" line-color="#77933C" line-pattern="dot" line-width="3pt" shape-class="org.xmind.boundaryShape.roundedRect" svg:fill="#C3D69B" svg:opacity=".2"/></style><style id="262vpsb4leteq6i0l26jn60qeq" name="" type="topic"><topic-properties border-line-color="#F1BD51" border-line-width="2pt" fo:font-family="Microsoft YaHei" svg:fill="#FBF09C"/></style><style id="60oo2q3aqvefdg42uct0joepc4" name="" type="topic"><topic-properties border-line-color="#558ED5" border-line-width="5pt" fo:color="#376092" fo:font-family="Microsoft YaHei" line-class="org.xmind.branchConnection.curve" line-color="#558ED5" line-width="1pt" shape-class="org.xmind.topicShape.roundedRect" svg:fill="#DCE6F2"/></style><style id="24gqlo2aao5tntni9poclkje7n" name="" type="topic"><topic-properties border-line-color="#558ED5" border-line-width="2pt" fo:color="#17375E" fo:font-family="Microsoft YaHei" line-class="org.xmind.branchConnection.curve" line-color="#558ED5" line-width="1pt" shape-class="org.xmind.topicShape.roundedRect" svg:fill="#DCE6F2"/></style><style id="4s0fl5jnhh5olerr3c36vltfkt" name="" type="topic"><topic-properties border-line-width="0pt" fo:color="#FFFFFF" fo:font-family="Microsoft YaHei" fo:font-size="10pt" fo:font-style="italic" line-class="org.xmind.branchConnection.curve" shape-class="org.xmind.topicShape.roundedRect" svg:fill="#77933C"/></style><style id="43oa6f1tkgvo7cse8vmf9ms665" name="" type="topic"><topic-properties border-line-width="0pt" fo:color="#FFFFFF" fo:font-family="Microsoft YaHei" fo:font-weight="bold" line-color="#558ED5" svg:fill="#558ED5"/></style><style id="2l8j2l7963ff68tnnvgb1f2l5s" name="" type="relationship"><relationship-properties arrow-end-class="org.xmind.arrowShape.triangle" fo:color="#595959" fo:font-family="Microsoft YaHei" fo:font-size="10pt" fo:font-style="italic" fo:font-weight="normal" fo:text-decoration="none" line-color="#77933C" line-pattern="dash" line-width="3pt"/></style><style id="06etsm7vhnqbss8utkjjc77np1" name="" type="map"><map-properties color-gradient="none" line-tapered="none" multi-line-colors="none" svg:fill="#FFFFFF"/></style></automatic-styles><master-styles><style id="2l6um7dqur5b2e976egc1qmfdr" name="专业" type="theme"><theme-properties><default-style style-family="subTopic" style-id="3lk57tl737uc48flire4014dt1"/><default-style style-family="summary" style-id="3v0fs0g49dj57gl7kl5un2gh6j"/><default-style style-family="boundary" style-id="49pcbvc288c3oicrhro7dgfjf1"/><default-style style-family="calloutTopic" style-id="262vpsb4leteq6i0l26jn60qeq"/><default-style style-family="centralTopic" style-id="60oo2q3aqvefdg42uct0joepc4"/><default-style style-family="mainTopic" style-id="24gqlo2aao5tntni9poclkje7n"/><default-style style-family="summaryTopic" style-id="4s0fl5jnhh5olerr3c36vltfkt"/><default-style style-family="floatingTopic" style-id="43oa6f1tkgvo7cse8vmf9ms665"/><default-style style-family="relationship" style-id="2l8j2l7963ff68tnnvgb1f2l5s"/><default-style style-family="map" style-id="06etsm7vhnqbss8utkjjc77np1"/></theme-properties></style></master-styles><styles><style id="0n5nqvfpgenbpoq4304pjj4mku" type="topic"><topic-properties svg:fill="#FAC090"/></style><style id="4847ntml8ncjh5980d9fptkc14" type="topic"><topic-properties svg:fill="#93CDDD"/></style></styles></xmap-styles>